<?xml version="1.0" encoding="UTF-8" ?>
<!DOCTYPE log4j:configuration PUBLIC
		"http://logging.apache.org/log4j/docs/api/org/apache/log4j/xml/log4j.dtd"
		"http://logging.apache.org/log4j/docs/api/org/apache/log4j/xml/log4j.dtd">


<log4j:configuration xmlns:log4j="http://jakarta.apache.org/log4j/">

	<appender name="console" class="org.apache.log4j.ConsoleAppender">
		<!--  <layout class="org.apache.log4j.SimpleLayout" />-->
		<layout class="org.apache.log4j.PatternLayout">
			<param name="ConversionPattern"
				value="%d %-5p [%t] %C{5} (%F:%L) - %m %n" />
		</layout>
	</appender>

	<logger name="com.objis">
		<level value="DEBUG" />
		<appender-ref ref="console" />
	</logger>

	<root>
		<level value="info" />
		<appender-ref ref="console" />
	</root>

</log4j:configuration>